1.0,0.06010045615866118,1.0,0.05920503798314891,1.0,0.059774107081000304,1.0,0.059745409711593596,1.0,0.05791723047534259,1.0,0.060225774790054275,1.0,0.05827381524626418,1.0,0.05694019279584845,1.0,0.06043493945319293,1.0,0.057531373985359874,1.0,0.05955930243891234,1.0,0.062075706983114105,1.0,0.060616131179076244,1.0,0.06205173923127981,1.0,0.05965867802628971,1.0,0.06059673096806727,1.0,0.06123068825907695,1.0,0.05949763459347483,1.0,0.058596785428365154,1.0,0.057243450926442896,1.0,0.061807156358787564,1.0,0.06114210844204902,1.0,0.058417081665525034,1.0,0.05980166685271879,1.0,0.057696813740251714,1.0,0.06137344431303095,1.0,0.059670742237529856,1.0,0.06309090363022957,1.0,0.056540717413487984,1.0,0.06268891429770253,1.0,0.05792469063253381,1.0,0.05974904100184383,1.0,0.062177544721484394,1.0,0.05983768568538769,1.0,0.060133410857321934,1.0,0.05889954930545508,1.0,0.05826641351822749,1.0,0.05731355499615002,1.0,0.06084677324872408,1.0,0.05863607693974684,1.0,0.05904125301674496,1.0,0.05741912572043826,1.0,0.06149790582279781,1.0,0.058348374388897034,1.0,0.05692193160636827,1.0,0.05874514721619759,1.0,0.05985957866326892,1.0,0.05593144254459927,1.0,0.06082917892493697,1.0,0.05554352510467264
1.5,0.08867359667906638,1.5,0.0833135150936745,1.5,0.08892266576863848,1.5,0.08433889918581576,1.5,0.07921442256863954,1.5,0.08187526646754896,1.5,0.08157796581617775,1.5,0.07957798605784523,1.5,0.08746456075664576,1.5,0.08012901802398284,1.5,0.07771152857491458,1.5,0.08804548332689853,1.5,0.08639105111801414,1.5,0.08456562554840857,1.5,0.08407029392274078,1.5,0.08398213546653018,1.5,0.0872643388368255,1.5,0.08329239017028814,1.5,0.08157070663352795,1.5,0.08013266368991885,1.5,0.09038839074948221,1.5,0.08598084860915613,1.5,0.08271513278993796,1.5,0.08564102955878207,1.5,0.07831278759217557,1.5,0.08089549346194096,1.5,0.08694382934209594,1.5,0.08587711916411843,1.5,0.07689290432014655,1.5,0.09009063077948076,1.5,0.08609532512439393,1.5,0.0848417735652746,1.5,0.08666465249655682,1.5,0.08118824395443293,1.5,0.08042953612621427,1.5,0.07981475602991933,1.5,0.0792969225241585,1.5,0.08164797589025194,1.5,0.08631897615608498,1.5,0.08145375121630417,1.5,0.08257440106020983,1.5,0.07933346807085077,1.5,0.08465493991859072,1.5,0.08462892989045603,1.5,0.07905072691645273,1.5,0.08568609328166388,1.5,0.08377757792246464,1.5,0.07782099388273224,1.5,0.08456444433033874,1.5,0.08125922899951711
2.0,0.11041866828072697,2.0,0.10249477578734471,2.0,0.1118950930172064,2.0,0.10549711225289315,2.0,0.10321936265920761,2.0,0.10659903131146968,2.0,0.10088735661584243,2.0,0.09950246947025121,2.0,0.10531923856690287,2.0,0.09813708456555861,2.0,0.097105528587504,2.0,0.10973153947086357,2.0,0.11054171267432389,2.0,0.10427912715483839,2.0,0.10076170920687445,2.0,0.10256863363345411,2.0,0.10573149622710751,2.0,0.1069201139919456,2.0,0.09718687997765735,2.0,0.10197475792012686,2.0,0.11277319683114286,2.0,0.10622764475795704,2.0,0.10334545231766377,2.0,0.10715323653630435,2.0,0.09355415906427095,2.0,0.10134637056573755,2.0,0.11178790256702573,2.0,0.10432532463406102,2.0,0.09763945837954521,2.0,0.11742491693982254,2.0,0.11111561307336953,2.0,0.10583149955068623,2.0,0.1082018317634245,2.0,0.10380916005013315,2.0,0.09994911849920973,2.0,0.10212026924814133,2.0,0.10412335734342293,2.0,0.09976364492131361,2.0,0.10342570422479824,2.0,0.10391832712674805,2.0,0.10828717399773286,2.0,0.10215829773643496,2.0,0.1063567242220133,2.0,0.10896035493812828,2.0,0.09597347380559136,2.0,0.10735253341288484,2.0,0.10134401155528008,2.0,0.09794583233966311,2.0,0.10891378955839515,2.0,0.10135842745435528
2.5,0.13012896449488262,2.5,0.11877033150155751,2.5,0.13624854295138006,2.5,0.12414680172816549,2.5,0.12264927579116164,2.5,0.12772220034753395,2.5,0.11772673180373247,2.5,0.12138358969076167,2.5,0.12261330427786314,2.5,0.11616714451248916,2.5,0.11434733494302739,2.5,0.1296728470620958,2.5,0.1345703957667719,2.5,0.12022316103061513,2.5,0.11570727702146076,2.5,0.127218680662124,2.5,0.12534152731248815,2.5,0.12688754992607826,2.5,0.12229269891460989,2.5,0.12157034523757725,2.5,0.12933407873706537,2.5,0.12599674300212427,2.5,0.1235121099654721,2.5,0.12129692136471483,2.5,0.11224644689025394,2.5,0.12085071699428303,2.5,0.13442911462592264,2.5,0.12324240786105961,2.5,0.11327895170925098,2.5,0.1371642921895987,2.5,0.1332570986533935,2.5,0.12328017157110598,2.5,0.1297390556708732,2.5,0.1352730460909279,2.5,0.12277726547327873,2.5,0.12682916732966745,2.5,0.12927141054885039,2.5,0.12054274718252624,2.5,0.12499619981219674,2.5,0.11879241601224497,2.5,0.12769012071888158,2.5,0.11949662221961736,2.5,0.1254986786338742,2.5,0.1287207836199718,2.5,0.11736888089892575,2.5,0.133604803858032,2.5,0.12202406257352172,2.5,0.12271476726737152,2.5,0.12687554051958538,2.5,0.12192852229180905
3.0,0.153069335831144,3.0,0.13767672507925438,3.0,0.1597034975340345,3.0,0.1486375915639869,3.0,0.1426392776991495,3.0,0.14707133382225696,3.0,0.13337424746663354,3.0,0.13725259370658788,3.0,0.13778765221756795,3.0,0.1341796309860234,3.0,0.12876328909500592,3.0,0.14884153490265056,3.0,0.15181229479284675,3.0,0.13479945030416193,3.0,0.12958829299187002,3.0,0.1531276085022765,3.0,0.14211811291622228,3.0,0.14748747193405232,3.0,0.14310409760232132,3.0,0.13787231751400544,3.0,0.15464339117177067,3.0,0.1441678941616038,3.0,0.14042683647504253,3.0,0.1448658399102304,3.0,0.1346084283568784,3.0,0.14408188668720923,3.0,0.16512700084267798,3.0,0.13924098439277924,3.0,0.13303226748872474,3.0,0.1545498166708531,3.0,0.16096156752499274,3.0,0.14392296226000773,3.0,0.141438942899405,3.0,0.15762701876110297,3.0,0.14090952354440525,3.0,0.14630950623787245,3.0,0.1464206177681432,3.0,0.13540163179805323,3.0,0.1422995819023809,3.0,0.13924116652814483,3.0,0.1496603968096913,3.0,0.13354183759811628,3.0,0.1500353243025632,3.0,0.1509432916937164,3.0,0.13228164216338534,3.0,0.1572572122044138,3.0,0.14277696281431965,3.0,0.14232244838853417,3.0,0.1506025373073289,3.0,0.14155704777676226
3.5,0.16743841146114524,3.5,0.15446198279789666,3.5,0.1817764731007993,3.5,0.16169286346885534,3.5,0.17102548842436832,3.5,0.16941399821896158,3.5,0.14725495815665593,3.5,0.15218855841122222,3.5,0.15144860943024357,3.5,0.15305937677047501,3.5,0.14569247228238857,3.5,0.16601085855027237,3.5,0.17355173465819962,3.5,0.1510771117504024,3.5,0.1452033831600355,3.5,0.18204517481955051,3.5,0.16268873025911965,3.5,0.1685576977469859,3.5,0.16047787686774553,3.5,0.15677643012532846,3.5,0.1776182138342929,3.5,0.16263940741488025,3.5,0.15463069647323552,3.5,0.16228619349943077,3.5,0.14988150659892843,3.5,0.1657360627219259,3.5,0.19055878051512917,3.5,0.1524369017961409,3.5,0.15375859401071676,3.5,0.1727494531184389,3.5,0.1813367287127894,3.5,0.1579660258012126,3.5,0.16221784258555788,3.5,0.17444361068238767,3.5,0.156475135835124,3.5,0.17036300532622028,3.5,0.16860912210147178,3.5,0.14576245102930488,3.5,0.16198720318450452,3.5,0.15635710078302834,3.5,0.16851969541521614,3.5,0.15869137881768616,3.5,0.1646398419942469,3.5,0.16714637128571197,3.5,0.15075126356535362,3.5,0.1729186791441045,3.5,0.15990599061861233,3.5,0.16155475902661803,3.5,0.15605953561336022,3.5,0.16003950762278135
4.0,0.1906407092296751,4.0,0.16723542963507254,4.0,0.2049195991808226,4.0,0.18360216672651347,4.0,0.18247694184591778,4.0,0.18693377172372436,4.0,0.16782675176561543,4.0,0.17032037699432204,4.0,0.16782774828271943,4.0,0.17061337252680137,4.0,0.16117519592230403,4.0,0.18657208412120357,4.0,0.1909549492914491,4.0,0.16751674853596038,4.0,0.1683944200974575,4.0,0.19399317744835373,4.0,0.1773726417118039,4.0,0.1830354091972048,4.0,0.1822553852858913,4.0,0.17450727079375644,4.0,0.20088309462946724,4.0,0.18255668404259717,4.0,0.17542106804215837,4.0,0.1871023460758181,4.0,0.1733036974041021,4.0,0.19135868252817442,4.0,0.20795261990363087,4.0,0.16537363867810137,4.0,0.17361218603634426,4.0,0.19014329920238113,4.0,0.1969098053145374,4.0,0.17728695328404867,4.0,0.17438841573787892,4.0,0.19784976395144158,4.0,0.17741036489271308,4.0,0.1887344846090321,4.0,0.19127714830708165,4.0,0.1611386062269057,4.0,0.17226363926415927,4.0,0.17282676602865144,4.0,0.19430427840625497,4.0,0.17611091955264027,4.0,0.18469599513448653,4.0,0.1787779297796041,4.0,0.16341329851986663,4.0,0.19277229374253113,4.0,0.17781697518949857,4.0,0.18507982991679583,4.0,0.17244650125566505,4.0,0.17656629133708485
4.5,0.2108300433617589,4.5,0.186474640126022,4.5,0.2225926463887314,4.5,0.19955294379154692,4.5,0.20971247827294456,4.5,0.21518796930099784,4.5,0.18224666488394764,4.5,0.1840476359869943,4.5,0.1838309713298229,4.5,0.18832195303779367,4.5,0.18175053026003268,4.5,0.19858797531810365,4.5,0.21097043136575308,4.5,0.17964641004431325,4.5,0.18303660080268253,4.5,0.22167656595802135,4.5,0.19093002002527018,4.5,0.20159432614072934,4.5,0.201608661828646,4.5,0.1919025928476563,4.5,0.22405935651319706,4.5,0.20071598566365081,4.5,0.19229100265726076,4.5,0.20947565895644846,4.5,0.1869503761176291,4.5,0.20489689851764592,4.5,0.23175594478154438,4.5,0.18444261484939514,4.5,0.1936292979529183,4.5,0.20357527928959204,4.5,0.22044859466843328,4.5,0.19344176934338536,4.5,0.18930857244143903,4.5,0.22312831189784693,4.5,0.1907512792794106,4.5,0.20918991739277865,4.5,0.20864601618240108,4.5,0.17805955845171728,4.5,0.19346348147622341,4.5,0.18548734886626733,4.5,0.2121781074276169,4.5,0.20218340779681415,4.5,0.20317855160500847,4.5,0.19108704457462636,4.5,0.18104780264784578,4.5,0.21322516395732954,4.5,0.19552541209110758,4.5,0.2131124739937484,4.5,0.1871809727173082,4.5,0.19288984315402286
5.0,0.22654024979209808,5.0,0.19946181825693163,5.0,0.23641083967717685,5.0,0.22243038012771804,5.0,0.23052783370088548,5.0,0.22199006040661504,5.0,0.20207678549624966,5.0,0.1990701530690979,5.0,0.20283542469194646,5.0,0.20422446332408267,5.0,0.1925675643188671,5.0,0.218984343414838,5.0,0.2225728007711139,5.0,0.1908343810570125,5.0,0.20250979054995338,5.0,0.24184285132965902,5.0,0.20985876411186008,5.0,0.2257619788401097,5.0,0.22613673772283782,5.0,0.20650242757784354,5.0,0.2542588366021185,5.0,0.21735556896895566,5.0,0.2109701578675455,5.0,0.22931037348234412,5.0,0.20700349305168683,5.0,0.2199110613983649,5.0,0.2501731353062936,5.0,0.19846777753498196,5.0,0.21439348127234478,5.0,0.2208305721797329,5.0,0.2347878557735799,5.0,0.21726771996429267,5.0,0.2059971061553396,5.0,0.24903975299187192,5.0,0.20915052232557366,5.0,0.230017322339558,5.0,0.23063125216453556,5.0,0.19574820771938387,5.0,0.20763540935110006,5.0,0.2168102895827388,5.0,0.2294640148554483,5.0,0.2239248403798959,5.0,0.22367314741253536,5.0,0.20347790372414512,5.0,0.19533805965020362,5.0,0.22754679762677246,5.0,0.21245748951414054,5.0,0.23014564756899858,5.0,0.20081452246892348,5.0,0.21029178269226503
5.5,0.24323581844479805,5.5,0.2159223787576524,5.5,0.2472309381984613,5.5,0.24251497449944343,5.5,0.249625621622015,5.5,0.24212803868767535,5.5,0.22724732304074494,5.5,0.2141506766045119,5.5,0.2119391850463176,5.5,0.2157135752969897,5.5,0.21212632798270983,5.5,0.23232372239779897,5.5,0.23482321572540957,5.5,0.20459187025783684,5.5,0.21967670438426395,5.5,0.26594726045359507,5.5,0.22790439364085974,5.5,0.23887579443630064,5.5,0.2393096183012118,5.5,0.21914996816956964,5.5,0.2708748107965635,5.5,0.24254335086574424,5.5,0.2352230687765064,5.5,0.25320357452786013,5.5,0.2367350881412584,5.5,0.2360738894656561,5.5,0.2656820259729476,5.5,0.2136747580565691,5.5,0.23536303035335168,5.5,0.24037099883182572,5.5,0.25345775820556776,5.5,0.22451911658163243,5.5,0.22855183127523068,5.5,0.26159508910844237,5.5,0.23074395986750293,5.5,0.2465854493957641,5.5,0.2538680421886921,5.5,0.2068020393261908,5.5,0.22110000781464786,5.5,0.231795004746549,5.5,0.25084517376333965,5.5,0.24544076261648848,5.5,0.2376171805917189,5.5,0.21714099770570788,5.5,0.20884282449742864,5.5,0.2466178261555439,5.5,0.23051601055449988,5.5,0.25179543059184356,5.5,0.21463531508204495,5.5,0.22453716678527286
6.0,0.2551701568922133,6.0,0.2340766697790791,6.0,0.2639056786447819,6.0,0.2524139070944516,6.0,0.28074334853701693,6.0,0.24999500262565166,6.0,0.24846589963517807,6.0,0.2226884238018713,6.0,0.23251919208159036,6.0,0.23110568057670372,6.0,0.2349127384228702,6.0,0.24988363001141836,6.0,0.24340049672950778,6.0,0.2171063111323881,6.0,0.23908249034838924,6.0,0.28310058568176216,6.0,0.24422377395275593,6.0,0.256523856283698,6.0,0.26087358568285024,6.0,0.23578608765703582,6.0,0.2893014439419351,6.0,0.2637538887841372,6.0,0.25590933646240627,6.0,0.27522682863331116,6.0,0.2445916215790747,6.0,0.2536272321506822,6.0,0.2838619443536592,6.0,0.2345861515519464,6.0,0.2550431225487467,6.0,0.2506582714636477,6.0,0.26496295386314556,6.0,0.2417976451746827,6.0,0.23726143646941575,6.0,0.2780350247865231,6.0,0.24240425718907244,6.0,0.27262977581459175,6.0,0.2728613458489145,6.0,0.2296730598947302,6.0,0.24214171675145396,6.0,0.24090212834810887,6.0,0.25836587344480577,6.0,0.2751231001405257,6.0,0.2605996821985448,6.0,0.23513858452182604,6.0,0.22665232854540251,6.0,0.26989896287849197,6.0,0.2468115984850439,6.0,0.2731779587866622,6.0,0.22913658689892272,6.0,0.24224969427595489
6.5,0.280224074375852,6.5,0.24809982529363916,6.5,0.28867521431446425,6.5,0.27990448760699926,6.5,0.300595166815743,6.5,0.2670271341832249,6.5,0.2599365864223017,6.5,0.23744323448615992,6.5,0.2396935775942419,6.5,0.2506828105879531,6.5,0.24365983411341632,6.5,0.2634897558228528,6.5,0.26128943155346634,6.5,0.23135235849311475,6.5,0.2602727744190337,6.5,0.3023754226141387,6.5,0.2573018713316098,6.5,0.2725940993760059,6.5,0.275244362769684,6.5,0.2599697259385797,6.5,0.31830208636241286,6.5,0.27096149063493236,6.5,0.27440241972894647,6.5,0.29677257156555625,6.5,0.26627311457007524,6.5,0.27278151575238524,6.5,0.3028545283500441,6.5,0.25064348875721776,6.5,0.2706882800587489,6.5,0.2726712468267543,6.5,0.2840732459752775,6.5,0.2554641167090256,6.5,0.25842550547959564,6.5,0.30199433487780664,6.5,0.26339703052646823,6.5,0.2847930156675283,6.5,0.2962627559613294,6.5,0.2422540788190396,6.5,0.2525813671644916,6.5,0.25989316638503906,6.5,0.2853517984937727,6.5,0.2905732350005735,6.5,0.2724768447675496,6.5,0.24488253069368798,6.5,0.23046306124617866,6.5,0.2823604182432938,6.5,0.2749804636308759,6.5,0.3020284390697457,6.5,0.24050519970615966,6.5,0.2564660162723687
7.0,0.2926517889394378,7.0,0.26514213013729976,7.0,0.3014348533392856,7.0,0.30037122157306456,7.0,0.3233958910699829,7.0,0.28007356262914723,7.0,0.2867160921118,7.0,0.25334565059571096,7.0,0.25892053934339043,7.0,0.2671644829533465,7.0,0.26380374563848635,7.0,0.2700636964686928,7.0,0.2713401386513399,7.0,0.23902774648472794,7.0,0.28166364542808675,7.0,0.3154116246126739,7.0,0.28317524419483203,7.0,0.28548571797441,7.0,0.29668576383874506,7.0,0.2761422451462423,7.0,0.32700470350556565,7.0,0.29302332826326,7.0,0.29607244073310035,7.0,0.3322380965568517,7.0,0.2852340368531411,7.0,0.2878371283462039,7.0,0.31446403422003794,7.0,0.2654639585766788,7.0,0.28632932686209517,7.0,0.28130301709019434,7.0,0.2972570561599433,7.0,0.2760266167805925,7.0,0.26700923791559183,7.0,0.32122178107662247,7.0,0.28193449941976373,7.0,0.303250338382858,7.0,0.31830638509997894,7.0,0.26727855070994166,7.0,0.26335935909063435,7.0,0.27767625587946554,7.0,0.30353226088659974,7.0,0.31738725515718297,7.0,0.29364709229961,7.0,0.25949159998008225,7.0,0.25498236755595055,7.0,0.29843766050688875,7.0,0.29059163740595945,7.0,0.33114713642667415,7.0,0.2541920774613719,7.0,0.269312012095326
7.5,0.31284227196453623,7.5,0.27934123021902213,7.5,0.3179312221020489,7.5,0.31595012706598563,7.5,0.3567990568314113,7.5,0.2955349714970013,7.5,0.31091031708471134,7.5,0.26859468140413423,7.5,0.2738460690770995,7.5,0.2857206206473122,7.5,0.27955835772351445,7.5,0.28503897949230844,7.5,0.29067004852236483,7.5,0.25358902060694216,7.5,0.3023668387194375,7.5,0.34630900427783273,7.5,0.2933173966122021,7.5,0.29914758542385905,7.5,0.3239925838404281,7.5,0.2948705082569797,7.5,0.35151214908850203,7.5,0.3078938367161494,7.5,0.3215486725125266,7.5,0.36721259195061273,7.5,0.30642712524011734,7.5,0.30521218707375974,7.5,0.3399613078178024,7.5,0.2889584561173834,7.5,0.29863575021539496,7.5,0.28931246740219,7.5,0.31908438306458353,7.5,0.28920703168952444,7.5,0.2890950490227035,7.5,0.33453961644563573,7.5,0.30841006126481385,7.5,0.330082389058834,7.5,0.33051836956372505,7.5,0.2787512076936507,7.5,0.27554759061038403,7.5,0.2965170283893758,7.5,0.32113145480936484,7.5,0.3449157726414545,7.5,0.306985386587936,7.5,0.27281632049570903,7.5,0.2647114334034176,7.5,0.3135263678012083,7.5,0.3103045329427624,7.5,0.34930095186215443,7.5,0.2647080015190412,7.5,0.2921274944060754
8.0,0.32802327078254545,8.0,0.3027822173452397,8.0,0.3356631448104858,8.0,0.32796912448356896,8.0,0.38104760246824254,8.0,0.3118777014086033,8.0,0.3265534064627302,8.0,0.2837536865010527,8.0,0.28924484393638356,8.0,0.29390813351834505,8.0,0.3026213121977039,8.0,0.29454762727185985,8.0,0.302990765884073,8.0,0.26454511732462305,8.0,0.33008249024831887,8.0,0.36612043426552693,8.0,0.31245007977867306,8.0,0.322234105325114,8.0,0.34533807089872753,8.0,0.30605735505968934,8.0,0.3612408892052994,8.0,0.32747760956334515,8.0,0.3360921941118337,8.0,0.3819808454994903,8.0,0.3133161124105081,8.0,0.31371473400470223,8.0,0.34636926150043157,8.0,0.304568905383421,8.0,0.30918952175017583,8.0,0.2985585876546841,8.0,0.3383144470388763,8.0,0.2991316822169315,8.0,0.2954507880588277,8.0,0.3600341397242229,8.0,0.3280429111610813,8.0,0.35897178504617694,8.0,0.33816039188981306,8.0,0.29834632751986295,8.0,0.29184519412943893,8.0,0.3219964196258178,8.0,0.33304203134242516,8.0,0.36845858970126383,8.0,0.3263561080051851,8.0,0.289903895143992,8.0,0.2755675594809203,8.0,0.3286654370718385,8.0,0.3241096800012356,8.0,0.38487028159360626,8.0,0.282284223753638,8.0,0.30166572106608736
8.5,0.34863629262448104,8.5,0.3115070409854403,8.5,0.35182183913922505,8.5,0.3478395811749557,8.5,0.4071795177088249,8.5,0.3283870792952204,8.5,0.35300810086195167,8.5,0.2940782669470235,8.5,0.30595246118204705,8.5,0.3155108456371461,8.5,0.322242948503495,8.5,0.3060862560908175,8.5,0.3086452439685478,8.5,0.27630658956492643,8.5,0.3508192868153874,8.5,0.398053058856082,8.5,0.3288353741450617,8.5,0.33155057702069884,8.5,0.3585138484470748,8.5,0.31887819914183463,8.5,0.3683873398182639,8.5,0.3318472754378056,8.5,0.35726480954401635,8.5,0.40643945168699375,8.5,0.349647622856686,8.5,0.3290874062215078,8.5,0.35953563606085265,8.5,0.3264849466438415,8.5,0.3325556386546106,8.5,0.3092190429836066,8.5,0.35921653982021384,8.5,0.3179253518415135,8.5,0.30877540913125756,8.5,0.3761576992815582,8.5,0.348462661259116,8.5,0.36705801819099815,8.5,0.3605138894214231,8.5,0.32000372455918696,8.5,0.2996583315159803,8.5,0.32276006773192717,8.5,0.3581011155669351,8.5,0.38890324850146796,8.5,0.35015035947571177,8.5,0.2986227044504123,8.5,0.29521068813463913,8.5,0.3390374574843048,8.5,0.34688158338547803,8.5,0.4076909951781272,8.5,0.2848297251703429,8.5,0.31267493587831474
9.0,0.3529219722913532,9.0,0.32554816382552465,9.0,0.377719685777748,9.0,0.3600671721820886,9.0,0.42885005733960524,9.0,0.35251125132645644,9.0,0.3691576073082308,9.0,0.3082762262168109,9.0,0.31555754043291884,9.0,0.33388838159396117,9.0,0.33950854992386975,9.0,0.32380582841116134,9.0,0.3318263654781366,9.0,0.2878342868438981,9.0,0.37261768472675977,9.0,0.3911371576679222,9.0,0.3424971628832952,9.0,0.34102984769785927,9.0,0.3776264507937623,9.0,0.3343376575070123,9.0,0.40156470131636274,9.0,0.3474798061062469,9.0,0.36586293950499,9.0,0.44831615135629094,9.0,0.35312906248928017,9.0,0.3339626287263188,9.0,0.37986443855303265,9.0,0.3517452432345417,9.0,0.34000948195191527,9.0,0.3184715979257648,9.0,0.3724131183872289,9.0,0.3336603356904883,9.0,0.3273426773589478,9.0,0.3879252007886545,9.0,0.3732929071116522,9.0,0.39335814268294805,9.0,0.3920937546321777,9.0,0.3240977559285273,9.0,0.30858145409935034,9.0,0.3502031001172782,9.0,0.36263540606478933,9.0,0.4296089941382653,9.0,0.36143742450258004,9.0,0.3223274031607682,9.0,0.3004184402191664,9.0,0.35858261956211807,9.0,0.3625008331541719,9.0,0.4358707737746874,9.0,0.3020244788948566,9.0,0.32404364984939815
9.5,0.36857455982888393,9.5,0.34918387498694037,9.5,0.4000603883993538,9.5,0.3652809855097445,9.5,0.46064291781714006,9.5,0.36895704358810844,9.5,0.3984703791829822,9.5,0.32575708845250073,9.5,0.33597260141771207,9.5,0.3569675773992572,9.5,0.3529591298748925,9.5,0.333500998739226,9.5,0.3362462993278619,9.5,0.2987302294740741,9.5,0.39914288701151474,9.5,0.419305922219145,9.5,0.36206522552766274,9.5,0.35573708152399897,9.5,0.4101885871697075,9.5,0.3654810494977573,9.5,0.4055026728549152,9.5,0.3716905589253888,9.5,0.3904546156183025,9.5,0.466458442801082,9.5,0.3670500751764471,9.5,0.3514160851691828,9.5,0.39104748491370334,9.5,0.3744133376623465,9.5,0.3575376045873543,9.5,0.3314323272346073,9.5,0.39148783634416184,9.5,0.3638964994818141,9.5,0.3431738256697977,9.5,0.4155117943676675,9.5,0.39117332497526114,9.5,0.4150254254815941,9.5,0.40250907638913863,9.5,0.35849687644274436,9.5,0.31439495805662854,9.5,0.3663061988676659,9.5,0.3783283549282568,9.5,0.44888480139352005,9.5,0.389182978485625,9.5,0.33565259194828273,9.5,0.3182806220028327,9.5,0.36278482704942094,9.5,0.3889145591272152,9.5,0.4703021836367839,9.5,0.30875434755080544,9.5,0.3306563203856995
10.0,0.36946436428984814,10.0,0.37695907032021897,10.0,0.4183518895516251,10.0,0.3947990422034674,10.0,0.4805552063220365,10.0,0.38545852691480836,10.0,0.42139071254003657,10.0,0.33570462395150175,10.0,0.35425670347156496,10.0,0.37215962524398866,10.0,0.37178118966264634,10.0,0.3576274956204941,10.0,0.3494333997586099,10.0,0.30972617676184844,10.0,0.4235705307542741,10.0,0.43535735391046376,10.0,0.375935819045693,10.0,0.36794980772494357,10.0,0.43496523480404414,10.0,0.37875263806104215,10.0,0.41742174018947387,10.0,0.38278883724145074,10.0,0.4090691860743823,10.0,0.49437230805884314,10.0,0.3851943496546811,10.0,0.37372275548229006,10.0,0.4109055986736367,10.0,0.39332637781578067,10.0,0.3718519780412062,10.0,0.3415805615243197,10.0,0.40182280716670926,10.0,0.3688776656106393,10.0,0.35627088934468637,10.0,0.4322516560050029,10.0,0.41095003950655257,10.0,0.4296916304320214,10.0,0.41624546203025775,10.0,0.3747383687767296,10.0,0.3192415408176125,10.0,0.385189283852646,10.0,0.3973553498702329,10.0,0.5007736685674242,10.0,0.4104895784241285,10.0,0.34831790604973967,10.0,0.32534873520121854,10.0,0.3928951209833008,10.0,0.40859176933222546,10.0,0.5176381100521715,10.0,0.3194559217997737,10.0,0.3525671787793866
10.5,0.3939456434180854,10.5,0.3907870722995083,10.5,0.43687878638776967,10.5,0.3930894304213184,10.5,0.5186843895793293,10.5,0.39980380998754095,10.5,0.4232875203473243,10.5,0.3472808366577193,10.5,0.3679924615769132,10.5,0.3835178428797094,10.5,0.40281905419327363,10.5,0.36898607476521,10.5,0.36671247206486823,10.5,0.31875428763504,10.5,0.4530019268388334,10.5,0.44941635199940105,10.5,0.3968501343941718,10.5,0.39157625258192896,10.5,0.46390848309197863,10.5,0.38365176612799273,10.5,0.43339872819422803,10.5,0.40002425713443945,10.5,0.4397244605252365,10.5,0.5281674311033098,10.5,0.41167143913140936,10.5,0.38483921478714894,10.5,0.4187320692384433,10.5,0.40006361860299877,10.5,0.3749374849280942,10.5,0.347567682983388,10.5,0.4257419331279359,10.5,0.39202552011514236,10.5,0.36776864500398326,10.5,0.4501724106423864,10.5,0.44208222388145874,10.5,0.44814156992221416,10.5,0.4329054350859532,10.5,0.392312784148023,10.5,0.3301523264668605,10.5,0.40403453619673496,10.5,0.41012082059670735,10.5,0.5002708698183371,10.5,0.42218724675692165,10.5,0.35985851598085145,10.5,0.34169084762320434,10.5,0.3935034046046701,10.5,0.4284243450220248,10.5,0.5234255253351718,10.5,0.32895383097266184,10.5,0.3612295041436464
11.0,0.4022349216772579,11.0,0.4024556842623499,11.0,0.45470061356223673,11.0,0.4097132623608512,11.0,0.5441449009637644,11.0,0.42014765697086165,11.0,0.4378625256049921,11.0,0.35590216320311646,11.0,0.3903264527016438,11.0,0.40981726725479445,11.0,0.412482845169242,11.0,0.3837057503558933,11.0,0.3738506488143936,11.0,0.32264291548878493,11.0,0.47851041047465004,11.0,0.47129068902042137,11.0,0.40630146554480506,11.0,0.4025338289720655,11.0,0.5006748587631286,11.0,0.40295287634109095,11.0,0.4365829395098509,11.0,0.41661860148916807,11.0,0.44167806493482226,11.0,0.5566831095399147,11.0,0.4256160838959622,11.0,0.3961020815890962,11.0,0.42453215228675334,11.0,0.43146955013757193,11.0,0.38763836230346793,11.0,0.36136762395643374,11.0,0.4435309960509221,11.0,0.40401201282568194,11.0,0.3716604549955842,11.0,0.4700576886792776,11.0,0.4636055846543293,11.0,0.4747517927543386,11.0,0.4292472870622976,11.0,0.39237707356578244,11.0,0.3460868997889769,11.0,0.426026342036522,11.0,0.4321288166748779,11.0,0.5356234394465346,11.0,0.44816803482135686,11.0,0.36861225125439856,11.0,0.358180758714246,11.0,0.40891715576195564,11.0,0.45258073408947597,11.0,0.5447385254340374,11.0,0.3435033885213072,11.0,0.3709610562909018
11.5,0.4221259119986522,11.5,0.41985147447920773,11.5,0.47644570560707566,11.5,0.42583818561627507,11.5,0.5687225629048367,11.5,0.42941840740835885,11.5,0.46944851925354936,11.5,0.3688755318361487,11.5,0.3960461271681938,11.5,0.4345237191052618,11.5,0.4461794499788721,11.5,0.3945662040996678,11.5,0.3933352480585096,11.5,0.3278271703493476,11.5,0.5074374279167274,11.5,0.4876205665661729,11.5,0.4228517682657048,11.5,0.42363422707186205,11.5,0.5208363224669367,11.5,0.43911150828988943,11.5,0.4684374804599577,11.5,0.4191815611777884,11.5,0.4521272312067023,11.5,0.5669520053931385,11.5,0.4394573006413516,11.5,0.4050459661388596,11.5,0.4441549496838086,11.5,0.4505002966480056,11.5,0.40490222143907934,11.5,0.3789138001182277,11.5,0.44959040695325814,11.5,0.43666645799171516,11.5,0.3985607256440827,11.5,0.4989803159692365,11.5,0.4921040696760586,11.5,0.4881639383792573,11.5,0.46381540668411836,11.5,0.4033241738242892,11.5,0.3600814989587099,11.5,0.44393916655185195,11.5,0.44766948036085985,11.5,0.564825747262689,11.5,0.48323323445413385,11.5,0.3890733552335794,11.5,0.3653013478129052,11.5,0.4191710946310643,11.5,0.48040631920395555,11.5,0.5802374828586909,11.5,0.34972920085520787,11.5,0.3888297858939776
12.0,0.43384733464091385,12.0,0.45162261539514975,12.0,0.49365632717310554,12.0,0.4338552188820162,12.0,0.5896302410048628,12.0,0.45517356633057177,12.0,0.4740278363991804,12.0,0.38226004104785805,12.0,0.4048661788047967,12.0,0.44739131702066653,12.0,0.4537300907307364,12.0,0.4090526343361364,12.0,0.4054617106994737,12.0,0.3394723108261047,12.0,0.5207300427681665,12.0,0.49917448731389424,12.0,0.44097836769457777,12.0,0.4294261238826808,12.0,0.55696055732372,12.0,0.4318946981654122,12.0,0.48277543188398203,12.0,0.43540293600311053,12.0,0.46655448882504086,12.0,0.6116591982440417,12.0,0.45595161754605,12.0,0.4342362141044663,12.0,0.4529500464198044,12.0,0.4769240534598653,12.0,0.4202588978466041,12.0,0.3757018089634715,12.0,0.482409576833118,12.0,0.44255160483338357,12.0,0.41202557827886843,12.0,0.5146455250695854,12.0,0.518188930650633,12.0,0.5168843315219693,12.0,0.4767302292286553,12.0,0.4287636670959637,12.0,0.36939490444775347,12.0,0.4607495920563637,12.0,0.456794517352156,12.0,0.5839175560855956,12.0,0.4868916786509001,12.0,0.4086192095082428,12.0,0.3815243197837593,12.0,0.4332758457309748,12.0,0.5034087435397683,12.0,0.6120223510494145,12.0,0.36351295599269384,12.0,0.39875408634468956
12.5,0.4425255808564589,12.5,0.46578083104429896,12.5,0.5199515067382715,12.5,0.4340574548217391,12.5,0.6301161700331299,12.5,0.4709652694697386,12.5,0.5018194373912244,12.5,0.39859459158031996,12.5,0.4379704477815777,12.5,0.4656232230520522,12.5,0.46414836938027637,12.5,0.4199449742556313,12.5,0.420804462396647,12.5,0.34567819799236077,12.5,0.5389401588680268,12.5,0.5318602266763148,12.5,0.44831184773132426,12.5,0.44962301354158024,12.5,0.5726961002746578,12.5,0.455074259302259,12.5,0.4938813831716559,12.5,0.455768635102275,12.5,0.49006368307309045,12.5,0.6323805439886863,12.5,0.47988818398491656,12.5,0.4342914386261257,12.5,0.4715685745004296,12.5,0.4867228100658847,12.5,0.43167186302626953,12.5,0.39845113124045545,12.5,0.48379288938438975,12.5,0.46597229004806323,12.5,0.42467462349496454,12.5,0.5356593226335014,12.5,0.5518962002957187,12.5,0.5283505474327335,12.5,0.47832346363234335,12.5,0.4300864979620024,12.5,0.38542120730296164,12.5,0.48528080086286357,12.5,0.47421618916828173,12.5,0.5971953876623881,12.5,0.5069237992551028,12.5,0.4166272175781352,12.5,0.392780894712181,12.5,0.45089469521714703,12.5,0.5241733497313442,12.5,0.643330749382772,12.5,0.3664696083208249,12.5,0.41024180176534936
13.0,0.4513235013362154,13.0,0.48538641777347513,13.0,0.5347350938660232,13.0,0.44929446409491736,13.0,0.6416740862674736,13.0,0.5050725060047733,13.0,0.5082324453313501,13.0,0.40497478715402996,13.0,0.4558486041901699,13.0,0.48115368961088234,13.0,0.48630750966565306,13.0,0.42589346651427706,13.0,0.43052421703161337,13.0,0.34915347858477763,13.0,0.5586730783420926,13.0,0.5226671024244333,13.0,0.4697312440563026,13.0,0.4681131311800167,13.0,0.6083111967831638,13.0,0.480412474959021,13.0,0.5092632076886158,13.0,0.45639049708998863,13.0,0.496586258268886,13.0,0.6662710250343418,13.0,0.49521866607142684,13.0,0.4568888222972405,13.0,0.48548692636807766,13.0,0.5034488562959095,13.0,0.44555586856888185,13.0,0.4010906943116736,13.0,0.5061133138527518,13.0,0.46941853671928496,13.0,0.4472468700849681,13.0,0.5753020935199734,13.0,0.5641879672279588,13.0,0.5477753289625248,13.0,0.4879380963167682,13.0,0.4660596358198541,13.0,0.389642630285821,13.0,0.5040592587750937,13.0,0.48762331207310056,13.0,0.6370748584496878,13.0,0.5265504679108439,13.0,0.43758804231112486,13.0,0.40322265028984144,13.0,0.46731486164512187,13.0,0.5412347544854489,13.0,0.6627401213592894,13.0,0.3888525780490797,13.0,0.42206923022602577
13.5,0.4725036090605869,13.5,0.5110835046132379,13.5,0.5604416852796071,13.5,0.4609259921794737,13.5,0.6675285874693796,13.5,0.5258398605027821,13.5,0.5214698101548787,13.5,0.40910412176172023,13.5,0.46820174276417303,13.5,0.5075113370987812,13.5,0.510326348621281,13.5,0.4419747024815585,13.5,0.45026643676907613,13.5,0.35877805209212366,13.5,0.5903522236569267,13.5,0.5420067265229177,13.5,0.48345615052401925,13.5,0.4838112506306795,13.5,0.629474675364382,13.5,0.4944086499921827,13.5,0.5273320702106361,13.5,0.47967012372754086,13.5,0.5108010554862499,13.5,0.6842178864518002,13.5,0.5207025995981176,13.5,0.47157153047015576,13.5,0.4873079091494717,13.5,0.5367168725497229,13.5,0.4562205292533877,13.5,0.4167631840114153,13.5,0.5179104412596114,13.5,0.5001505217495723,13.5,0.4648992633216524,13.5,0.5911030600829499,13.5,0.5993190227343327,13.5,0.5610012343267908,13.5,0.4995147551385297,13.5,0.4681903091047084,13.5,0.3973847464608676,13.5,0.5172474062913561,13.5,0.5047031829519169,13.5,0.6527473375403448,13.5,0.5645288862297019,13.5,0.45153381714940244,13.5,0.41890871786450024,13.5,0.47713075017062156,13.5,0.5627207117080629,13.5,0.6849005976768174,13.5,0.40624704382761084,13.5,0.4359030548654192
14.0,0.4831545944890197,14.0,0.5190964586394973,14.0,0.5904986153832412,14.0,0.4590065569042322,14.0,0.6973699763701611,14.0,0.5325054048028519,14.0,0.5413302292440806,14.0,0.4220958913014495,14.0,0.486911110920057,14.0,0.5151585321409897,14.0,0.5240617347328879,14.0,0.4613641131180402,14.0,0.46045709479872243,14.0,0.3605207905551945,14.0,0.6182480397438402,14.0,0.5582724831421343,14.0,0.48576910010043683,14.0,0.5146079191540519,14.0,0.6669282104780747,14.0,0.5121528148706487,14.0,0.5360313536504896,14.0,0.5027297112619833,14.0,0.5257321442912926,14.0,0.7154909995554645,14.0,0.5322265370498808,14.0,0.48272328226395805,14.0,0.5053970831871313,14.0,0.566781783395619,14.0,0.48701002424342393,14.0,0.4319276736443063,14.0,0.5344340378720632,14.0,0.5170233638155054,14.0,0.47207112259052475,14.0,0.6276447719576591,14.0,0.6279621790999943,14.0,0.5709768500951182,14.0,0.5113105030649213,14.0,0.4841953457684978,14.0,0.4141232135382573,14.0,0.5386238135938328,14.0,0.5122304342178723,14.0,0.6759957323338097,14.0,0.5868595142123391,14.0,0.4676187513170099,14.0,0.42710566427851393,14.0,0.4829242060749486,14.0,0.589864724760818,14.0,0.6872034868184544,14.0,0.4173969916617799,14.0,0.44879321078627343
14.5,0.49706594027985046,14.5,0.5325245857903464,14.5,0.6007288924077187,14.5,0.47251821120372595,14.5,0.7198433759186796,14.5,0.5479123504906417,14.5,0.5560611439753568,14.5,0.42885459515847874,14.5,0.4979922580279945,14.5,0.5335801702935361,14.5,0.5359629824249041,14.5,0.47172361908705257,14.5,0.4735790943100907,14.5,0.37690799672173475,14.5,0.6325810242378295,14.5,0.6078327581882583,14.5,0.4993933346563056,14.5,0.5183549618414813,14.5,0.6840791549233192,14.5,0.5385422219100837,14.5,0.5602140835801449,14.5,0.5138987102253835,14.5,0.5296718831222649,14.5,0.7371343528066723,14.5,0.5440430329555318,14.5,0.5137134974630836,14.5,0.5052440535183355,14.5,0.5685348712994323,14.5,0.4823038598626477,14.5,0.4271924837097146,14.5,0.5425662193153669,14.5,0.5193230647434209,14.5,0.476470194256293,14.5,0.6474380833932337,14.5,0.6657857805758766,14.5,0.5905736371808918,14.5,0.5319325926734186,14.5,0.49440700096218304,14.5,0.43394168210462,14.5,0.5562656889921979,14.5,0.5247840600728878,14.5,0.6945589186006675,14.5,0.6032536322132347,14.5,0.48483700351136716,14.5,0.4463665165338461,14.5,0.49987642925252035,14.5,0.5906545396379119,14.5,0.7478235528283833,14.5,0.419700881753593,14.5,0.45738739474891044
15.0,0.5081458126182442,15.0,0.5480611665139205,15.0,0.6170191654970263,15.0,0.48730365900912886,15.0,0.7522135369985581,15.0,0.5768143227436663,15.0,0.5783889214821509,15.0,0.44093614603353554,15.0,0.5264019507319477,15.0,0.5502898230765507,15.0,0.5562054290338836,15.0,0.49022897374790614,15.0,0.4887890802521554,15.0,0.38499801416765417,15.0,0.6434598297285224,15.0,0.6103361427498518,15.0,0.5246235248339847,15.0,0.534263719774097,15.0,0.7249953513378421,15.0,0.5319039671802014,15.0,0.5861363737505461,15.0,0.5283164122137515,15.0,0.5530007532433181,15.0,0.7536922123292272,15.0,0.5645376052925749,15.0,0.5151457277600985,15.0,0.536555633996264,15.0,0.6058906792827852,15.0,0.4950200845758413,15.0,0.4463626154334671,15.0,0.5550576802125454,15.0,0.5468160647496703,15.0,0.48929999185270323,15.0,0.6752369977562008,15.0,0.6637703427029262,15.0,0.6138037836547341,15.0,0.543775933638841,15.0,0.5129948916402276,15.0,0.4472335215186206,15.0,0.5728008508716453,15.0,0.5324235674065317,15.0,0.7211244857588816,15.0,0.6380672615966628,15.0,0.5021680537574648,15.0,0.45207103309353736,15.0,0.5191437162917537,15.0,0.6159983104847317,15.0,0.7667619711735917,15.0,0.43534614357476936,15.0,0.47335394254810637
15.5,0.5266178204108074,15.5,0.5731918238126571,15.5,0.6522052350531163,15.5,0.5005792868907487,15.5,0.7580996177757732,15.5,0.5895021477188618,15.5,0.5848776767664156,15.5,0.4571524451634889,15.5,0.5442894515377795,15.5,0.5738171645137861,15.5,0.5859277716999622,15.5,0.50366975167229,15.5,0.5064192234811059,15.5,0.38459597992144706,15.5,0.6764420002832902,15.5,0.6513101532140879,15.5,0.5363445143383901,15.5,0.5511014368102658,15.5,0.7594353724182286,15.5,0.5593188560598807,15.5,0.6045425064401327,15.5,0.5374255366927496,15.5,0.5602542541710795,15.5,0.7682090421443538,15.5,0.5933112264812325,15.5,0.5338991049924312,15.5,0.5458136022927899,15.5,0.6213107121338505,15.5,0.5126128087846007,15.5,0.45552707123173897,15.5,0.561237099742576,15.5,0.570961086321573,15.5,0.513518718494508,15.5,0.7114885535366926,15.5,0.7049795959292617,15.5,0.6165467268657241,15.5,0.5612575233848796,15.5,0.5242875972542836,15.5,0.4565168066705227,15.5,0.5832910078556452,15.5,0.556804083101076,15.5,0.7423070370110638,15.5,0.6470969406157404,15.5,0.513629048470894,15.5,0.47228112639798236,15.5,0.5267369482537692,15.5,0.6533833421515702,15.5,0.7774085385753711,15.5,0.4431289726018883,15.5,0.48617153991864237
16.0,0.5354417392390283,16.0,0.5777935804180746,16.0,0.6693807120918664,16.0,0.5113885790091722,16.0,0.777787155328301,16.0,0.6144360240850871,16.0,0.6060929829656775,16.0,0.4569674093849543,16.0,0.5755390557384984,16.0,0.5920044566785323,16.0,0.5887452955168482,16.0,0.5268376879782215,16.0,0.5324711719239961,16.0,0.39732513304445577,16.0,0.6995173520206996,16.0,0.6636380021649082,16.0,0.5556488504899103,16.0,0.5609348386446829,16.0,0.7694792007388516,16.0,0.5777624540968691,16.0,0.6075031853893592,16.0,0.5526007074534246,16.0,0.5852984841132174,16.0,0.811989729479026,16.0,0.6175577188101454,16.0,0.5498264991456929,16.0,0.5508523613301064,16.0,0.6512349464587954,16.0,0.5145045389641063,16.0,0.4697860604097256,16.0,0.5916322469190224,16.0,0.5866505947216967,16.0,0.5164344497376419,16.0,0.7366968812312216,16.0,0.7281429980718224,16.0,0.6375434057975599,16.0,0.5788459720070125,16.0,0.546590472287972,16.0,0.4630582809828878,16.0,0.6131577617962447,16.0,0.5496568586366454,16.0,0.7561849398503071,16.0,0.6757063393162798,16.0,0.5340348515375367,16.0,0.4880619994832665,16.0,0.5361845292401465,16.0,0.67023281908014,16.0,0.8102085244871722,16.0,0.4603621636991073,16.0,0.5022047575378945
16.5,0.5558523832474033,16.5,0.6104072672211337,16.5,0.6977362460374338,16.5,0.5244929586433769,16.5,0.818964445972947,16.5,0.6307939591184185,16.5,0.6036149137590462,16.5,0.4800761906548598,16.5,0.589616595069644,16.5,0.603788518813679,16.5,0.6072366712498901,16.5,0.5270685608723037,16.5,0.5506094596881499,16.5,0.41811147620906175,16.5,0.7225142845907763,16.5,0.6910510231944782,16.5,0.5666656734068494,16.5,0.5823117157866005,16.5,0.7966160428909769,16.5,0.5726678378606366,16.5,0.6440180363830385,16.5,0.5687299281611969,16.5,0.5958917537144603,16.5,0.8293830909898281,16.5,0.6300024406950392,16.5,0.5657692778385884,16.5,0.5693090423249116,16.5,0.6666521124380674,16.5,0.5257841614686067,16.5,0.48583413675662557,16.5,0.6070639658051328,16.5,0.6041278874601113,16.5,0.5309868241445239,16.5,0.7388342098576163,16.5,0.750916109172876,16.5,0.6604601903612362,16.5,0.5892248210459756,16.5,0.5559333686685586,16.5,0.48131888790912764,16.5,0.6151934332836434,16.5,0.5685686721805878,16.5,0.7857077254055246,16.5,0.6860205780326546,16.5,0.550026592505309,16.5,0.4999674627955478,16.5,0.5510698149331604,16.5,0.6899877438091463,16.5,0.819048256760359,16.5,0.48383199093717666,16.5,0.5206839430928246
17.0,0.5702839085921169,17.0,0.6259791118761623,17.0,0.7304120604297322,17.0,0.5269278099954242,17.0,0.8443309549998741,17.0,0.6534198619721747,17.0,0.6475278614305223,17.0,0.48995816380750795,17.0,0.6155075964546916,17.0,0.6273577943761975,17.0,0.6275996584496527,17.0,0.5610505749224567,17.0,0.5541950712106957,17.0,0.411992478331228,17.0,0.7341279017226973,17.0,0.7010372549251033,17.0,0.5860464340475273,17.0,0.6042804492707182,17.0,0.8260334474453899,17.0,0.5973510958672105,17.0,0.6549771786571859,17.0,0.5805777412962844,17.0,0.5988576659349576,17.0,0.8464808850185835,17.0,0.6536564153817452,17.0,0.5850735681106194,17.0,0.5796340516711677,17.0,0.7103920485091879,17.0,0.5511415802503428,17.0,0.503269607648982,17.0,0.6101517271611195,17.0,0.613342409299442,17.0,0.5406393221241724,17.0,0.7796671462228838,17.0,0.773297094574735,17.0,0.6783908329035796,17.0,0.5907856164375292,17.0,0.5816520998044729,17.0,0.5001589101369665,17.0,0.6242607463597544,17.0,0.5920307818930888,17.0,0.7983926714418043,17.0,0.7014896704531887,17.0,0.5554423696264265,17.0,0.5064261611099711,17.0,0.5600021720638725,17.0,0.716683952336676,17.0,0.8615034231470504,17.0,0.4862255785195491,17.0,0.5300951099553742
17.5,0.5824124390444808,17.5,0.6464615520143366,17.5,0.7299236205430293,17.5,0.5360764326953296,17.5,0.858316045101235,17.5,0.6840228583631454,17.5,0.6399249460439628,17.5,0.49474875416352804,17.5,0.6275236252574651,17.5,0.6566898388900895,17.5,0.6553318681656751,17.5,0.565747352752827,17.5,0.5714088493669536,17.5,0.42797970339807617,17.5,0.754219286507828,17.5,0.7565099464586127,17.5,0.5959901301245006,17.5,0.6078372076133218,17.5,0.8273981667873387,17.5,0.6090487517486848,17.5,0.6784487686901446,17.5,0.6136767030502801,17.5,0.6225078989332237,17.5,0.8608820814043562,17.5,0.680866037559704,17.5,0.6049306542861402,17.5,0.5894058544824754,17.5,0.7433078344009637,17.5,0.5580101456113034,17.5,0.5015625897025439,17.5,0.6266452023563898,17.5,0.6301649681959305,17.5,0.5475272339065446,17.5,0.7977536486489349,17.5,0.8069345251636878,17.5,0.6873912927455247,17.5,0.6154220996704066,17.5,0.5752954698252043,17.5,0.5180474151252044,17.5,0.6594220265773265,17.5,0.6054860129831521,17.5,0.8188368440046295,17.5,0.7333843366896129,17.5,0.5748302969084264,17.5,0.5254866440408082,17.5,0.5739419177565994,17.5,0.7351421901681081,17.5,0.8644448166717048,17.5,0.5238258877606112,17.5,0.5518064283024785
18.0,0.6071490967300318,18.0,0.6488852656862937,18.0,0.7598161461510585,18.0,0.5401997930761359,18.0,0.8799255496763272,18.0,0.6975506340298284,18.0,0.6603456485950229,18.0,0.5118766832593458,18.0,0.6496695148961337,18.0,0.677694500148859,18.0,0.6750284625225645,18.0,0.585454342680554,18.0,0.5923435951686329,18.0,0.4294501579035474,18.0,0.766720225369791,18.0,0.7650192717685651,18.0,0.6142619512748762,18.0,0.6325416672012479,18.0,0.8397495007506814,18.0,0.6496249236263156,18.0,0.694984609381059,18.0,0.6191220790291527,18.0,0.630485625884694,18.0,0.8851580518341393,18.0,0.6941311267003564,18.0,0.6171256999121906,18.0,0.5927368630962523,18.0,0.7552840121337633,18.0,0.5710389311487648,18.0,0.5198402069508179,18.0,0.6349949097764025,18.0,0.6606082469602562,18.0,0.5652419892776118,18.0,0.84069340296104,18.0,0.8475866629304103,18.0,0.7002660453380198,18.0,0.6106760392653767,18.0,0.6078697169945976,18.0,0.5249508214895449,18.0,0.6738600096748364,18.0,0.6143891870109376,18.0,0.8657841835376344,18.0,0.7623646039733804,18.0,0.5941621457839771,18.0,0.5412604671409249,18.0,0.595747153074484,18.0,0.7644400131849145,18.0,0.8957612176733672,18.0,0.5504615772933009,18.0,0.5714885446259478
18.5,0.6162955361853457,18.5,0.6791228958542904,18.5,0.7962754861386518,18.5,0.5583925069845227,18.5,0.8992759045448853,18.5,0.7162387499444862,18.5,0.6725603890407982,18.5,0.5261282523724528,18.5,0.6781399943485917,18.5,0.6774286219493646,18.5,0.6674360671282636,18.5,0.5880524285882145,18.5,0.614912006569482,18.5,0.446304033867882,18.5,0.7801277060200524,18.5,0.7795323173564608,18.5,0.6315050920762884,18.5,0.6557425367629455,18.5,0.9044587880183176,18.5,0.6521682287963904,18.5,0.694708604928768,18.5,0.6326759628037486,18.5,0.6367808050903002,18.5,0.9085557113968875,18.5,0.7239985612303136,18.5,0.6281293723386484,18.5,0.612275415484358,18.5,0.7779985005926366,18.5,0.5898709488532228,18.5,0.5293571348900012,18.5,0.6400241241045842,18.5,0.6725786795098343,18.5,0.5811332831450474,18.5,0.8556357857187495,18.5,0.8707583400588261,18.5,0.7210880541637441,18.5,0.6269133654281462,18.5,0.6129345737962717,18.5,0.5499218213050924,18.5,0.7004678444303712,18.5,0.6233988991584434,18.5,0.8751201649919019,18.5,0.7743741696151439,18.5,0.605493717082459,18.5,0.5474955012021551,18.5,0.6092993226235424,18.5,0.7836923755146515,18.5,0.9170081569919607,18.5,0.5557428792307838,18.5,0.5806950282107813
19.0,0.640397943669617,19.0,0.6729670062399817,19.0,0.8120001312816376,19.0,0.5809420123250197,19.0,0.9184258229785432,19.0,0.7326079884872732,19.0,0.6913287469495124,19.0,0.5456611188166769,19.0,0.692520559907188,19.0,0.7080106108717197,19.0,0.6886344298362569,19.0,0.6259550868157885,19.0,0.6276627086128642,19.0,0.44538594691839534,19.0,0.804588484238537,19.0,0.8270508424582195,19.0,0.6559448428536482,19.0,0.6874457907261265,19.0,0.9137097660090833,19.0,0.6564954109190618,19.0,0.7404451414256662,19.0,0.6419880664127222,19.0,0.655190080569229,19.0,0.9293980747205179,19.0,0.7552150612825189,19.0,0.6554691460019256,19.0,0.6319585767688253,19.0,0.8120072859777354,19.0,0.5962881722062701,19.0,0.5323209546590347,19.0,0.6733913675057713,19.0,0.6864882141635241,19.0,0.5949273894128142,19.0,0.8814123032523196,19.0,0.9032047490240549,19.0,0.7379286612349925,19.0,0.6284403820353279,19.0,0.6284654246724944,19.0,0.5684024747087724,19.0,0.7303556890384991,19.0,0.6350041089185636,19.0,0.8883196359386256,19.0,0.8188861575738388,19.0,0.6287574324507857,19.0,0.5799726420988123,19.0,0.6268908072155898,19.0,0.800290876068966,19.0,0.9106663189007476,19.0,0.5766478562530546,19.0,0.59023538648981
19.5,0.6435648967648617,19.5,0.6952729543619864,19.5,0.8502986059063751,19.5,0.5843212134077176,19.5,0.9508797139832939,19.5,0.7539597576040747,19.5,0.7014503123081297,19.5,0.5408368141762322,19.5,0.7272088797327336,19.5,0.7366310824891289,19.5,0.7123559233261497,19.5,0.650549498454021,19.5,0.6559336359597885,19.5,0.4599934951370321,19.5,0.8127697976104276,19.5,0.8492129605084828,19.5,0.6626887922970931,19.5,0.6800109807917831,19.5,0.9219563268453312,19.5,0.6722227891750497,19.5,0.7913555423204971,19.5,0.65883322187156,19.5,0.6671741616933271,19.5,0.9442659024356469,19.5,0.7751660222413127,19.5,0.6804304105263741,19.5,0.6363781190208704,19.5,0.8355881319542148,19.5,0.6375904455417306,19.5,0.550908607549904,19.5,0.6761579397413975,19.5,0.6838807956531788,19.5,0.6033964834540243,19.5,0.9167897512918781,19.5,0.9237123602791751,19.5,0.7570846156026418,19.5,0.6521018804692729,19.5,0.6439700053711928,19.5,0.5801835970602726,19.5,0.7367959129834873,19.5,0.6390753486859483,19.5,0.9001914323831613,19.5,0.824469311205447,19.5,0.6509347720096469,19.5,0.5787016699800315,19.5,0.6568974363319677,19.5,0.820185450844338,19.5,0.9515248549950811,19.5,0.5867466591987232,19.5,0.6037717667876328
20.0,0.6654254731454319,20.0,0.7028598718291499,20.0,0.871037275019849,20.0,0.585771512099556,20.0,0.9899384860330037,20.0,0.7814133247432015,20.0,0.7134385222500541,20.0,0.5469826348982811,20.0,0.7460445749174457,20.0,0.7534878334028698,20.0,0.726452423737882,20.0,0.6665000791592093,20.0,0.6852702377921593,20.0,0.4681815527681283,20.0,0.8371237498352405,20.0,0.8658342659223197,20.0,0.6706254208809951,20.0,0.7075308243025209,20.0,0.9636746047074642,20.0,0.6941734748790043,20.0,0.7835961867331188,20.0,0.6836312267501773,20.0,0.6825467269718426,20.0,0.9659108790564842,20.0,0.7940866118891151,20.0,0.6893553792801208,20.0,0.6583139134171088,20.0,0.8620302573750463,20.0,0.6329886775548094,20.0,0.5676994686162836,20.0,0.6991218960003671,20.0,0.7137210210847533,20.0,0.6402802198606575,20.0,0.921812802010216,20.0,0.9721505279372727,20.0,0.7560703227672342,20.0,0.6689436701466552,20.0,0.6533966081648264,20.0,0.6029948120536682,20.0,0.7601698812671903,20.0,0.6649871412069841,20.0,0.9382650305024902,20.0,0.8492908287694406,20.0,0.6545506225964133,20.0,0.6155102376623763,20.0,0.6697607395121582,20.0,0.8407040395360165,20.0,0.9758145285804188,20.0,0.6252360572179978,20.0,0.626914186850119
20.5,0.6925814442034202,20.5,0.7330952814649684,20.5,0.8742994723765939,20.5,0.6118799391869318,20.5,1.0008303024015284,20.5,0.7827027609298473,20.5,0.7409881563018436,20.5,0.5817096635684389,20.5,0.7673768699982136,20.5,0.7717594723834214,20.5,0.7554518931306438,20.5,0.6763144693235092,20.5,0.6861662822000926,20.5,0.48354001644519506,20.5,0.8462233460546781,20.5,0.9155326520675527,20.5,0.6858912279394875,20.5,0.731756344757051,20.5,0.9928929334303729,20.5,0.7097747789516189,20.5,0.8033370088353341,20.5,0.7016504608247571,20.5,0.686730114360496,20.5,0.9887243238545758,20.5,0.8081267045988868,20.5,0.6860211368644019,20.5,0.6757323450867148,20.5,0.8803731269454423,20.5,0.6576224241776601,20.5,0.5686847502435447,20.5,0.71709641073015,20.5,0.7451321337901159,20.5,0.6474303250479064,20.5,0.9367455519907489,20.5,0.9901826899694897,20.5,0.7859456586121285,20.5,0.6779841789138557,20.5,0.6684886872890168,20.5,0.6170602224861911,20.5,0.7828284191460878,20.5,0.6879406784393346,20.5,0.9502126171840071,20.5,0.8654878091284761,20.5,0.6726850294160451,20.5,0.6058978188387836,20.5,0.674348351934679,20.5,0.8603637370180438,20.5,0.9992019968896986,20.5,0.6429701644984266,20.5,0.6470025603349829
21.0,0.6933758385388734,21.0,0.7557070527648961,21.0,0.9074896879401563,21.0,0.6239021533447529,21.0,1.0067153030885783,21.0,0.8060159212297975,21.0,0.7353190882360361,21.0,0.5857814689620757,21.0,0.8127333005953035,21.0,0.7976722087870096,21.0,0.76353574232132,21.0,0.6804713390866749,21.0,0.7183060457045015,21.0,0.48326254872961977,21.0,0.8406094864929796,21.0,0.9369422302567687,21.0,0.708543981789625,21.0,0.7572509685330377,21.0,0.9809288544157531,21.0,0.7061293123953083,21.0,0.826351974591669,21.0,0.7101505933980788,21.0,0.7097594715616997,21.0,1.0076247237193579,21.0,0.8530520070757939,21.0,0.6963443486220392,21.0,0.6810343729974005,21.0,0.8975060508667214,21.0,0.6961761075799504,21.0,0.5777178342034326,21.0,0.731325452426719,21.0,0.7605373649370721,21.0,0.6759654143350418,21.0,0.9805030469109975,21.0,1.0335233413144884,21.0,0.784297321247469,21.0,0.663886272048202,21.0,0.6895991394834735,21.0,0.6337849870070571,21.0,0.7914873141947192,21.0,0.7002446231157471,21.0,0.9590855651266549,21.0,0.9073410276110176,21.0,0.6949798437408765,21.0,0.6472980049125897,21.0,0.7042156767070034,21.0,0.8744116894941815,21.0,1.0132579352561,21.0,0.6582949559701567,21.0,0.6743520004598882
21.5,0.713686057819987,21.5,0.7613431636375373,21.5,0.9458193298213855,21.5,0.6371058604016757,21.5,1.0274501109809229,21.5,0.8410360173311388,21.5,0.7563502174919983,21.5,0.6116896297611051,21.5,0.8076504836033286,21.5,0.8213883528580976,21.5,0.7712657517359133,21.5,0.6954827193581596,21.5,0.7245960719952834,21.5,0.5111869212815434,21.5,0.8729814450518024,21.5,0.9753243730713378,21.5,0.7202909112534686,21.5,0.7662194274564383,21.5,1.0150545793696215,21.5,0.7181873068155601,21.5,0.8561552821061494,21.5,0.7146967214986195,21.5,0.7405202551992691,21.5,1.0226004847576935,21.5,0.8841752285050134,21.5,0.7402326437770491,21.5,0.6907605426826465,21.5,0.9420570937721814,21.5,0.6983603296560628,21.5,0.5921148443152932,21.5,0.7505166082033513,21.5,0.7809494761512833,21.5,0.6734317478105742,21.5,0.9895227590047501,21.5,1.0601109694702728,21.5,0.8191796043889762,21.5,0.6807235184352031,21.5,0.695188633248778,21.5,0.6487181225574365,21.5,0.8113631175063504,21.5,0.7160390851469104,21.5,0.9755570635054395,21.5,0.9236985906858131,21.5,0.7139408354122198,21.5,0.6674567139405934,21.5,0.7220753951093903,21.5,0.8974357510319654,21.5,1.0530289790782565,21.5,0.6791677316173689,21.5,0.6821648832835177
22.0,0.7351018832177454,22.0,0.7722548952522631,22.0,0.9552796233583655,22.0,0.6532298829350734,22.0,1.0692014770269889,22.0,0.8534801892253255,22.0,0.7872246125793845,22.0,0.6236090491431816,22.0,0.8372876166808524,22.0,0.831673901541642,22.0,0.7951138456637874,22.0,0.7261114838854102,22.0,0.7447872486859474,22.0,0.5109220651870329,22.0,0.9067734805289575,22.0,1.001209298118901,22.0,0.7285174080827685,22.0,0.7899781432150628,22.0,1.0272603980134543,22.0,0.7349817272153446,22.0,0.8617844144108474,22.0,0.7471000437080584,22.0,0.7409857737911776,22.0,1.0497380673025565,22.0,0.9202652874754054,22.0,0.7313833156210888,22.0,0.6993970014864686,22.0,0.9598220704661414,22.0,0.7274075947810772,22.0,0.5986996822373265,22.0,0.7536283554197383,22.0,0.786762620118909,22.0,0.6916205314217572,22.0,1.011952588254511,22.0,1.0901818268875796,22.0,0.8180289404381543,22.0,0.7053806098055609,22.0,0.706000869030577,22.0,0.6725908233864861,22.0,0.8543675614604076,22.0,0.7374788220315941,22.0,0.9944591419035582,22.0,0.9624566513004897,22.0,0.7324483516083854,22.0,0.6501427442500787,22.0,0.7352266325820956,22.0,0.8934344317274665,22.0,1.0668842720195262,22.0,0.6970098341479884,22.0,0.6995345518224513
22.5,0.7534312311734616,22.5,0.8118707389251207,22.5,0.9952307429270023,22.5,0.6643204602085195,22.5,1.0825245466194242,22.5,0.8856425617761687,22.5,0.788698345246339,22.5,0.6329024085143774,22.5,0.8682493861436801,22.5,0.8671698040433831,22.5,0.8215755278094521,22.5,0.7315615123691116,22.5,0.768283189293664,22.5,0.5360745146040952,22.5,0.8921677973240758,22.5,1.044212157472407,22.5,0.7576707117426127,22.5,0.8230012987782123,22.5,1.0559571451572383,22.5,0.7668541630919753,22.5,0.8843032678165867,22.5,0.7573744175701901,22.5,0.7541961923288725,22.5,1.059402646377127,22.5,0.9372960843759821,22.5,0.7674070923301111,22.5,0.7254490930730161,22.5,1.0101367967696413,22.5,0.7423839727312379,22.5,0.622579678002098,22.5,0.7771156929053267,22.5,0.8110896283960491,22.5,0.716059457866563,22.5,1.058794097213415,22.5,1.1182446485671895,22.5,0.851890572988003,22.5,0.7119354189675284,22.5,0.7147076183078542,22.5,0.7017499340352102,22.5,0.8800385037768165,22.5,0.7419353460664126,22.5,1.0139704785984147,22.5,0.9748108580110787,22.5,0.7516829814180126,22.5,0.6906024068565905,22.5,0.7520396944920099,22.5,0.9007610230192132,22.5,1.09465607144225,22.5,0.733854374694584,22.5,0.7126281410098713
23.0,0.7713480878211881,23.0,0.8138377749852886,23.0,1.0088244487512563,23.0,0.6893296022456322,23.0,1.1096549661136133,23.0,0.9127143331504637,23.0,0.7899301349923098,23.0,0.6549768355241796,23.0,0.8802121100414493,23.0,0.8810104109878951,23.0,0.8304879057711162,23.0,0.7797016036315317,23.0,0.7716227929574059,23.0,0.5424713393205418,23.0,0.9171183131484233,23.0,1.0551396540155185,23.0,0.7842767302908,23.0,0.8345383516457257,23.0,1.0615498953771443,23.0,0.7946508959600447,23.0,0.8973233685100999,23.0,0.7845402535081967,23.0,0.7827793226029793,23.0,1.0862163474247772,23.0,0.9717405782229562,23.0,0.7804739473512389,23.0,0.7371850219922297,23.0,1.0200740874311685,23.0,0.7270549806089668,23.0,0.6176086377161306,23.0,0.7962852224568786,23.0,0.8438596382163016,23.0,0.7246268712414228,23.0,1.0542455835139526,23.0,1.1534676904742849,23.0,0.8683853448177153,23.0,0.7208034148507197,23.0,0.7321705941947546,23.0,0.7181816023844275,23.0,0.9017246697921739,23.0,0.7569807446703237,23.0,1.0397861135615736,23.0,1.030383848356434,23.0,0.7491045627226636,23.0,0.6997196538129499,23.0,0.7952148130255742,23.0,0.9255905490487152,23.0,1.116391966380405,23.0,0.744560518843912,23.0,0.7466731627646055
23.5,0.8048489990532819,23.5,0.8307087548862223,23.5,1.0299900590061581,23.5,0.6957777010702764,23.5,1.1314699898699705,23.5,0.9178558002084749,23.5,0.8189877471889709,23.5,0.6653970124783752,23.5,0.9187226107155352,23.5,0.8983596644658747,23.5,0.8440810057091048,23.5,0.7936208210544204,23.5,0.791960104382963,23.5,0.5707874630966389,23.5,0.9249502382397753,23.5,1.0658074671876756,23.5,0.7706316157360168,23.5,0.8527743181036457,23.5,1.0880600359675878,23.5,0.8044628013026442,23.5,0.9227748137074682,23.5,0.7819328990375913,23.5,0.7769520935900576,23.5,1.0950571257786714,23.5,0.9907187843415572,23.5,0.7932269649311756,23.5,0.7367862573964635,23.5,1.0508968945493693,23.5,0.7784348703648335,23.5,0.6558344257588676,23.5,0.8190940631238813,23.5,0.8490342404549339,23.5,0.7495310801008094,23.5,1.076992305510844,23.5,1.1857341462961921,23.5,0.8745799194206653,23.5,0.7457676893995713,23.5,0.7421739705582691,23.5,0.722346485989749,23.5,0.9054915230236839,23.5,0.7761949182114941,23.5,1.0849988211230825,23.5,1.0493830449036718,23.5,0.7780910956003313,23.5,0.7218198864838459,23.5,0.792178704967216,23.5,0.942438848080601,23.5,1.1467989679963189,23.5,0.7577291746890849,23.5,0.7614543068435595
24.0,0.8156659793671872,24.0,0.8298823565866684,24.0,1.0582290573885125,24.0,0.7205723433614019,24.0,1.150212516065881,24.0,0.948886204073312,24.0,0.8487620309137582,24.0,0.6718950219685148,24.0,0.9286979887310852,24.0,0.934373478522546,24.0,0.8487790483302227,24.0,0.780866993838929,24.0,0.8122222708260896,24.0,0.5559340821171763,24.0,0.9592255503655779,24.0,1.1374503073712903,24.0,0.8038874824879854,24.0,0.8883837202567825,24.0,1.0868594932271094,24.0,0.8196871392975563,24.0,0.9438333038801918,24.0,0.8101881118356148,24.0,0.7974309196145368,24.0,1.1114780269501994,24.0,1.0224653644328643,24.0,0.7969284467447946,24.0,0.7546559067397681,24.0,1.0804481520286204,24.0,0.7987337536256484,24.0,0.6347834002860486,24.0,0.8292255245315243,24.0,0.8807009528642502,24.0,0.7870900277710707,24.0,1.0868578329639869,24.0,1.2231728306215222,24.0,0.8781991423349667,24.0,0.7435365995837244,24.0,0.7589669774572297,24.0,0.728501057057903,24.0,0.9280796239418402,24.0,0.8040664946644663,24.0,1.0831022891155724,24.0,1.0665450198564366,24.0,0.8022904140529415,24.0,0.7403966232699289,24.0,0.8157358838758184,24.0,0.9510883407843492,24.0,1.143664890982669,24.0,0.8104664613794775,24.0,0.7992272513047542
24.5,0.8380989787206161,24.5,0.8660360978647571,24.5,1.0753600338220277,24.5,0.7343404635775228,24.5,1.1832935226417824,24.5,0.9738000970814407,24.5,0.8682038368109917,24.5,0.7250570744931655,24.5,0.9643542943634648,24.5,0.9675961770899102,24.5,0.8829711947205799,24.5,0.816812765458486,24.5,0.8288685867822352,24.5,0.5627669127281427,24.5,0.9624224416596644,24.5,1.147530841096877,24.5,0.812328015363614,24.5,0.9115894062094891,24.5,1.1196636464423109,24.5,0.8261441305490932,24.5,0.9672937362539321,24.5,0.8364598089678721,24.5,0.8269580623606468,24.5,1.1445298730213311,24.5,1.0752756791483271,24.5,0.8323513135379139,24.5,0.7879928971664825,24.5,1.0993498257804974,24.5,0.8344320308885034,24.5,0.6586517056452429,24.5,0.8586381065394708,24.5,0.8980881763992661,24.5,0.784408672339015,24.5,1.1158165905930046,24.5,1.2516083361158659,24.5,0.8936209199504624,24.5,0.7585374354276091,24.5,0.7842508966653398,24.5,0.7595721256841,24.5,0.9509999700222234,24.5,0.7980889924227839,24.5,1.095700464760185,24.5,1.1177086830285416,24.5,0.8284067108963725,24.5,0.7541334772224701,24.5,0.8343455122476445,24.5,0.9570518328623863,24.5,1.1750022460822211,24.5,0.8293925263100009,24.5,0.7767456010126332
25.0,0.8746005934432429,25.0,0.883773091634473,25.0,1.0912831625161097,25.0,0.7336357761359994,25.0,1.2048013058385034,25.0,0.9895897458939729,25.0,0.8735584714721517,25.0,0.7309360944091146,25.0,0.9964984908103743,25.0,0.9907593176019696,25.0,0.8972738489182381,25.0,0.8263422201730759,25.0,0.8396140007561487,25.0,0.5845780416919156,25.0,0.9707443051488123,25.0,1.2004413833546523,25.0,0.8494309954332219,25.0,0.9560685563481015,25.0,1.1145809435923089,25.0,0.8682534506446072,25.0,0.9964773482620817,25.0,0.8453870869130424,25.0,0.8230443678045363,25.0,1.1501767539422916,25.0,1.1115137823745778,25.0,0.8286330188645815,25.0,0.7922977005605351,25.0,1.132307790839669,25.0,0.8244916044048919,25.0,0.6906015861662754,25.0,0.8978201882728818,25.0,0.9033711891710605,25.0,0.7887319647482539,25.0,1.1329177613202572,25.0,1.2893832387818454,25.0,0.9375567552719166,25.0,0.770267709925972,25.0,0.7957108230852564,25.0,0.7801678160760015,25.0,0.9753836688499189,25.0,0.8261093020121125,25.0,1.089312790141324,25.0,1.1441209265885102,25.0,0.8553268659882224,25.0,0.7777293766576268,25.0,0.8587532293997605,25.0,0.9817902065579724,25.0,1.198279795752203,25.0,0.8637653748149906,25.0,0.8297505667662213
25.5,0.8687194576975152,25.5,0.906705326771112,25.5,1.0944488484804824,25.5,0.7594915540222944,25.5,1.2011924875264464,25.5,1.0089295576455497,25.5,0.8990272883163757,25.5,0.7570212345283654,25.5,1.026668780138853,25.5,1.0042924169571603,25.5,0.8947754887434779,25.5,0.8549041239671765,25.5,0.8604930997123279,25.5,0.590180592260628,25.5,0.9930453802071219,25.5,1.210848672379097,25.5,0.8634598321126604,25.5,0.9771118782516246,25.5,1.1250585457913869,25.5,0.8556847807891808,25.5,1.0281945319106132,25.5,0.8665989891231141,25.5,0.8548860591155355,25.5,1.1924984474648532,25.5,1.1272232688044095,25.5,0.8557601782587749,25.5,0.8017148368519054,25.5,1.1701742621926137,25.5,0.8731762014284341,25.5,0.6972610872467262,25.5,0.9086593338826113,25.5,0.9543355853222317,25.5,0.8381145417940742,25.5,1.1686167532389484,25.5,1.339536576559738,25.5,0.9355289368371473,25.5,0.8017045503007956,25.5,0.8073620829325794,25.5,0.8075070597325875,25.5,1.0035400857875916,25.5,0.8582300130184342,25.5,1.17589773474741,25.5,1.1562588457122742,25.5,0.8476018866063422,25.5,0.7978303620798618,25.5,0.886707383981275,25.5,0.9767244387644387,25.5,1.2041349138601172,25.5,0.8896152653272682,25.5,0.8483363792716435
26.0,0.9013951482698113,26.0,0.9183905965859943,26.0,1.122081807032834,26.0,0.7740076956338917,26.0,1.253618570704871,26.0,1.0518074354668074,26.0,0.9222642452462377,26.0,0.7322335924120946,26.0,1.0575349760961306,26.0,1.0180934731078528,26.0,0.9233656859206442,26.0,0.8635545235976775,26.0,0.8739158448608698,26.0,0.6107197264082206,26.0,0.9990177130234756,26.0,1.2569370409784402,26.0,0.8654333778840613,26.0,0.982306543458192,26.0,1.125243616497467,26.0,0.8950685413266745,26.0,1.037010904282141,26.0,0.8972897784722407,26.0,0.8619125717401153,26.0,1.1993152724713967,26.0,1.194600691228593,26.0,0.8848952648879613,26.0,0.8060923431970796,26.0,1.1783964064293686,26.0,0.877648944292611,26.0,0.7254143547108848,26.0,0.8882386096277133,26.0,0.975463744971285,26.0,0.8515962711553137,26.0,1.180624137303211,26.0,1.3577856325047624,26.0,0.9593708251348472,26.0,0.8127330597645739,26.0,0.8157281636502061,26.0,0.8146733212376636,26.0,1.0101509442818881,26.0,0.8952901747473389,26.0,1.1481267344674957,26.0,1.2105332989163917,26.0,0.8714118496267078,26.0,0.8187850786791845,26.0,0.9134221435201252,26.0,0.999300243148607,26.0,1.2511127889113647,26.0,0.9081106805497968,26.0,0.8721541396870104
26.5,0.9324273929933868,26.5,0.9702975467675441,26.5,1.1848152033845285,26.5,0.7939840860489631,26.5,1.2797730660788749,26.5,1.0474816553424326,26.5,0.9391785529563064,26.5,0.7659951222881957,26.5,1.0933681068376577,26.5,1.0555455427934843,26.5,0.9287581074942153,26.5,0.9089991076047091,26.5,0.9026188435000672,26.5,0.6253058985977116,26.5,1.0251265154608173,26.5,1.2902509588377984,26.5,0.898312297129424,26.5,1.0003785132833127,26.5,1.1463635930525098,26.5,0.932312241118976,26.5,1.0473506048441343,26.5,0.9101109522518107,26.5,0.8881102896046777,26.5,1.2217057663712676,26.5,1.1925365605429998,26.5,0.8842031470273689,26.5,0.8390329543032451,26.5,1.2012800000531585,26.5,0.9194994314020052,26.5,0.7054743809576802,26.5,0.9144073044000902,26.5,1.003709966004988,26.5,0.8664673870656971,26.5,1.2132179209850205,26.5,1.410140450050008,26.5,0.9785247989946532,26.5,0.7970376689641551,26.5,0.8235291558277171,26.5,0.8620074731393325,26.5,1.0678360670696074,26.5,0.8985689519925245,26.5,1.2102875883150641,26.5,1.2295513175416501,26.5,0.8890857579987871,26.5,0.8191292525062616,26.5,0.9370567851254348,26.5,0.9923171356780471,26.5,1.2691818451808081,26.5,0.9521149244399021,26.5,0.8729313765892104
27.0,0.9226516123519789,27.0,0.9545034553466453,27.0,1.1856119104084815,27.0,0.8315120650565516,27.0,1.3052634038012603,27.0,1.0897396710595066,27.0,0.9426512539348613,27.0,0.7917508356920011,27.0,1.1009696895874377,27.0,1.0712527954426256,27.0,0.9499781832653639,27.0,0.9334608648948297,27.0,0.9068149584239391,27.0,0.6333115007244496,27.0,1.0370359246744665,27.0,1.334704953399633,27.0,0.9216402955108686,27.0,1.041996820600227,27.0,1.1970062035062334,27.0,0.9354114532407068,27.0,1.1055640242972504,27.0,0.9222936269275702,27.0,0.8811198956264323,27.0,1.2575588524938195,27.0,1.251346571471923,27.0,0.9211013354593525,27.0,0.8671707824003597,27.0,1.2491503858361717,27.0,0.962619633123671,27.0,0.7460021031757148,27.0,0.9478696105373426,27.0,1.0030790012451427,27.0,0.8829060051626778,27.0,1.23699953738267,27.0,1.4436482150184984,27.0,1.0047029013334556,27.0,0.8407719718191984,27.0,0.8725697611793649,27.0,0.8574434403307791,27.0,1.0638147396108106,27.0,0.91626697186148,27.0,1.2460262057262297,27.0,1.2645280321101642,27.0,0.9242995988125368,27.0,0.8889177281984127,27.0,0.9575576831700288,27.0,1.0157933377458965,27.0,1.2895711930652782,27.0,0.9459895842989288,27.0,0.9093474557949981
27.5,0.9652982331323312,27.5,0.969840968845996,27.5,1.2256522333459374,27.5,0.8422104650470672,27.5,1.3133849754486486,27.5,1.102702563608492,27.5,0.9904255837803324,27.5,0.815253825395738,27.5,1.1368161380507635,27.5,1.1223178894312642,27.5,0.9735801747676955,27.5,0.9346616496124155,27.5,0.9479567806018018,27.5,0.6620499984917605,27.5,1.0469081836553344,27.5,1.3738438752808815,27.5,0.9310314097133012,27.5,1.0684720573227604,27.5,1.175836622940003,27.5,0.9495098243828131,27.5,1.148019633764529,27.5,0.9525089553645224,27.5,0.9014427977569381,27.5,1.240691955420677,27.5,1.2657521757775303,27.5,0.9167845898008209,27.5,0.8655127547611282,27.5,1.25217850456596,27.5,0.9760741643234049,27.5,0.7554138460163151,27.5,0.9636659525292114,27.5,1.0266742177803179,27.5,0.9053678728107241,27.5,1.2244673627250582,27.5,1.456204520499748,27.5,1.0374140066354867,27.5,0.8477923080021138,27.5,0.8899452570609244,27.5,0.8910692573131712,27.5,1.08196592186413,27.5,0.9368675701057487,27.5,1.270413315245787,27.5,1.3064226641698755,27.5,0.952723056187765,27.5,0.88256170056933,27.5,0.9547649897820509,27.5,1.0411131838095684,27.5,1.3196880995201972,27.5,1.0134982188082065,27.5,0.931709879674223
28.0,0.9964491433152225,28.0,0.9998343808598374,28.0,1.2138841791187365,28.0,0.819847594812496,28.0,1.3433985500530918,28.0,1.1065424752241204,28.0,0.9859108828977073,28.0,0.833275447087625,28.0,1.175380334285326,28.0,1.0910152246095326,28.0,0.9849977134746105,28.0,0.9603885187036253,28.0,0.9648334223200248,28.0,0.6621523061274068,28.0,1.0732973080719308,28.0,1.4240282394031272,28.0,0.9502518716028437,28.0,1.0811162863228765,28.0,1.207656595464469,28.0,0.9623116407640323,28.0,1.1470611906783048,28.0,0.9475503820462532,28.0,0.9956713050611852,28.0,1.2801263482926448,28.0,1.3207666836122158,28.0,0.944348616204739,28.0,0.8717183268401018,28.0,1.2798510608261577,28.0,0.990241148237887,28.0,0.764877623272289,28.0,0.9736775925712962,28.0,1.0353162060393684,28.0,0.9116384853124837,28.0,1.275073505522088,28.0,1.5067250814499349,28.0,1.0407914723771656,28.0,0.8774766230035355,28.0,0.9011534275932498,28.0,0.8832090401220135,28.0,1.133093304409753,28.0,0.9343565842231186,28.0,1.2873627923311064,28.0,1.3108639550332195,28.0,0.9945383890723675,28.0,0.9111783709785491,28.0,1.0126414595217077,28.0,1.0627480206959743,28.0,1.3224456296478788,28.0,1.0631651573151757,28.0,0.9801058321608312
28.5,1.0123409755526045,28.5,1.021860096833583,28.5,1.2608342950728961,28.5,0.8732750978792269,28.5,1.3700165407026517,28.5,1.1454497200744207,28.5,1.0401142572992372,28.5,0.8609972464478745,28.5,1.2170808772908812,28.5,1.164770849861386,28.5,1.021479911660481,28.5,0.992541224072212,28.5,0.9476795350739329,28.5,0.6969216876178078,28.5,1.1068898166594718,28.5,1.4634724776424741,28.5,1.0015730012486508,28.5,1.1263162757367045,28.5,1.2053852285979256,28.5,0.9925590869229169,28.5,1.1683462549996462,28.5,0.9806517677196479,28.5,0.9476026903731125,28.5,1.3042991107985378,28.5,1.3531660144423816,28.5,0.9619676739295268,28.5,0.897923643863144,28.5,1.3345452417080164,28.5,1.0317388576272541,28.5,0.8014533675274186,28.5,1.0167083353918802,28.5,1.0745167703043712,28.5,0.9438916279717052,28.5,1.298700292900036,28.5,1.5363298594208326,28.5,1.0549007959702872,28.5,0.8609798874882751,28.5,0.9040371730183017,28.5,0.9262784348167195,28.5,1.1666764731013393,28.5,0.9516066035902009,28.5,1.302473738219399,28.5,1.3726178997932938,28.5,0.9881507833942187,28.5,0.9249202250033701,28.5,0.9996534280576928,28.5,1.0640682822289929,28.5,1.339796178142377,28.5,1.0780766565348103,28.5,0.9789724437679045
29.0,1.0535227532371263,29.0,1.0413079989115694,29.0,1.2611294649421803,29.0,0.8830903719868822,29.0,1.4203064085157378,29.0,1.182558389262385,29.0,1.0552209892315187,29.0,0.8752479991815368,29.0,1.2452381076758647,29.0,1.163595337520656,29.0,1.0336916383412666,29.0,0.9902692259941483,29.0,0.9979771701109927,29.0,0.7017291460968841,29.0,1.1277730024734434,29.0,1.4937705812902666,29.0,1.008481831398956,29.0,1.1497520693759469,29.0,1.224264822836967,29.0,1.0367191095658082,29.0,1.1758576712441582,29.0,0.9965445916597296,29.0,1.013329634989871,29.0,1.337916492805389,29.0,1.4055161075393114,29.0,0.9463494615184022,29.0,0.9377286737921233,29.0,1.3641139375684947,29.0,1.051850721494552,29.0,0.8341303702907544,29.0,1.0256242232070225,29.0,1.0925680571185654,29.0,0.9754149243019385,29.0,1.313363687255368,29.0,1.5755006126220614,29.0,1.070637280541392,29.0,0.9055592127584657,29.0,0.9360270683211573,29.0,0.9553311709865913,29.0,1.158734088457838,29.0,0.9958553230011009,29.0,1.335153123117238,29.0,1.416251030775657,29.0,1.013047193558137,29.0,0.9687578953091082,29.0,1.0536452220302601,29.0,1.087656936277557,29.0,1.3729444129950847,29.0,1.1239426034086606,29.0,1.0127216318452308
29.5,1.0647737035519136,29.5,1.0566193679461162,29.5,1.2997510160466883,29.5,0.912546402158988,29.5,1.42920621875428,29.5,1.2006188821916535,29.5,1.0588981406983826,29.5,0.8971155801273704,29.5,1.283921922572781,29.5,1.196133227309293,29.5,1.0931861912228236,29.5,0.9960472796827089,29.5,0.9872156305008152,29.5,0.7264058587838628,29.5,1.109262395623077,29.5,1.5040168247865031,29.5,0.9821261692873695,29.5,1.193155851783883,29.5,1.2269012135390165,29.5,1.0511597108887982,29.5,1.2070782126981607,29.5,1.0591285625090472,29.5,1.038651761670829,29.5,1.3555636701308662,29.5,1.425744589534165,29.5,1.0177676305777505,29.5,0.9375401441960162,29.5,1.392726468137255,29.5,1.0696114574514772,29.5,0.8453703800537429,29.5,1.0528852180730124,29.5,1.092442278827734,29.5,1.0028882331329352,29.5,1.3477635947326798,29.5,1.6176258255936264,29.5,1.0957137025836856,29.5,0.914858432543358,29.5,0.924713184964164,29.5,0.9888993286903104,29.5,1.1939240534951494,29.5,0.985917335533929,29.5,1.3544819635676875,29.5,1.4517648093831699,29.5,1.0344011277600162,29.5,0.9976123224079944,29.5,1.0592458344627635,29.5,1.0922968995377595,29.5,1.3859823798014623,29.5,1.1286701239339112,29.5,1.0141343158040843
